id,name
15164,Ahikōuka
15189,Ahitītī
55599,Ahu-a-Tūranga Stream
15236,Akakāhia Stream
55703,Akatārere
55712,Akatārere Historic Reserve
58634,Ākiri
15253,Ākitio
15254,Ākitio River
15255,Ākura
15374,Āmia Stream
7527,Āniwaniwa Falls
57724,Ao ata te pō
15543,Āpiti
15544,Āpiti
139,Āpiti Saddle
56589,Ārai Terraces
58484,Āria
207,Ātaahua Gorge
15818,Ātiamuri
216,Ātiu or Middle Island
58524,Auahitōtara Kāinga
55574,Auahitōtara Pā
55025,Aupōuri Forest
7302,Avon River/Ōtakaro
15889,Awahōhonu Creek
55026,Awahōhonu Forest
58810,Awapākura
16025,Āwhitu
16026,Āwhitu Central
7518,Baring Head/Ōrua-pouanui
16282,Bay of Many Coves / Miritū Bay
513,Blumine Island / Ōruawairua
7738,Burwood (Takahē Rearing Site) Scientific Reserve
58399,Calypso Bay / Ōtamarau Bay
58025,Cape Kidnappers / Te Kauwae-a-Māui
7310,Colac Bay/Ōraka
7309,Colac Bay/Ōraka
14210,East Ngātoro Knoll
20163,East Tākaka
20164,East Tāmaki
20165,East Tāmaki Heights
20167,East Wānaka Creek
20249,Eketāhuna
7320,Franz Josef Glacier/Kā Roimata o Hine Hukatere
7322,Gillespies Point/Kōhaihai
7326,Grey River/Māwheranui
22092,Hāmama
22122,Hāmua
3726,Hamutīnui
22126,Hamutīnui Stream
22165,Hāparangi
22163,Hāpara Stream
58756,Hapopo kākāpō
22197,Hāpuatuna Bay
22200,Hāpuka Island
22202,Hāpuka Rock
22204,Hāpuku Reef
22205,Hāpuku River
1899,Hātea River
54635,Haukōpua Point
56646,Haukōpuapua Scenic Reserve
55031,Haupātōtō Bush
22384,Haupōuri Stream
22385,Haupōuri Stream
22383,Haupōuri Stream
54538,Hauraki Gulf / Tīkapa Moana
58045,Hāwea / Bligh Sound
10090,Hāwea Conservation Park
1917,Hāwea Flat
1918,Hāwea Island
1920,Hāwea River
14473,Hāwea Rock
22449,Hāwera
22448,Hāwera
22447,Hāwera
22450,Hāwera
22452,Hāwera Stream
22451,Hāwera Stream
14475,Hāwini Rocks
1978,Herekōpare Island / Te Marama
22726,Hīkoekoeā Bay
22757,Hikutāmomimomi Stream
59403,Hikutū Rock
22791,Hīnakitaka Stream
22796,Hīnau Flats
54616,Hinemoatū / Howard River
55531,Hinetāpeka Seamount
58728,Hinewaikārara
58612,Hinewaikārara
22834,Hiruhārama
22837,Hītaua Bay
22841,Hīwera
54944,Hōhonu Forest
22910,Hōkurī Creek
7337,Hollyford River/Whakatipu Kā Tuka
14495,Hōngaio Rock
23050,Horahora Kākahu Island
23150,Hōteo River
54946,Hōuto Forest
7201,Hue tē Taka Peninsula
23295,Hūkerenui
2177,Inainatū / Pile Bay
23528,Inland Kaikōura Range
58829,Kā Ara-a-Haereroa
23972,Kahikatea Pā
58838,Kāhuikākāpō
58770,Kāhuikākāpō
23992,Kāhuitara
54407,Kahukurī
2310,Kahurānaki
58425,Kahurānaki
57694,Kā Huruhuru o koekoeā
24049,Kaiāwhā Stream
54948,Kaihū Forest
24069,Kaihū River
54408,Kaikai Pā
7342,Kaikaitāhuna Bay
54532,Kaikaitāhuna Stream
55485,Kaikākā
7343,Kaikākahi Bay
58742,Kaikākāpō
58741,Kaikākāpō
58743,Kaikākāpō
24118,Kaikōura
24119,Kaikōura
2331,Kaikōura Bay
14516,Kaikōura Canyon
24121,Kaikōura Creek
24122,Kaikōura Island / Selwyn Island
24123,Kaikōura Peninsula
2332,Kaikōura Railway Station
24124,Kaikōura Stream
24128,Kaikūmera Bay
24172,Kaipākirikiri Bay
24173,Kaipākirikiri Point
24205,Kaipō Stream
58722,Kairākau
56592,Kairūri Peak
24368,Kākā
24371,Kākā Creek
24374,Kākā Hill
24385,Kākaho Bay
24386,Kākaho Point
55021,Kākahu Forest
24396,Kākahu Stream
24375,Kākā Island
24399,Kākānui
24413,Kākānui Stream
24414,Kākānui Stream
24412,Kākānui Stream
56593,Kākā Nunatak
24418,Kākāpō Bay
56594,Kākāpō Nunatak
24422,Kākāpō Peak
24425,Kākāpō River
24426,Kākāpō Saddle
24427,Kākāpō Spur
54951,Kākāpōtahi Forest
24436,Kākāpōtahi River / Little Waitaha River
58817,Kā Kārehu-o-te-ahi-o-Tamatea
24448,Kākāriki
24444,Kākāriki
24450,Kākāriki Creek
56595,Kakī Ponds
57914,Kā mate kōhuru
58319,Kā Mauka-tokoweka
54777,Kānuka Hills
58682,Kā Onehuka
58606,Kā One-o-Pukerehe
58320,Kā Poupou-a-Rakihouia
58660,Kā Pukehore
58824,Kā Puketai
24594,Karakatūwhero River
58860,Kā Rā-o-Takitimu
14524,Kāretu Seavalleys
2400,Kārewa / Gannet Island
55579,Kārewarewa
14211,Karitāne Canyon
14212,Karitāne Channel
58830,Katiapā
2416,Kātiki
58139,Kātiki Beach
2417,Kātiki Point
55440,Kātiki Point Historic Reserve
8241,Kātiki Point Wildlife Management Reserve
2418,Kātiki Railway Station
24734,Katipō Creek
57916,Kā tū waewae o Tū
24748,Kauaeparāoa Stream / Te Paki Stream
54931,Kauri Point Birkenhead / Te Mātā-rae-o-Mana
2424,Kauri Point Pōnui
24820,Kāwaimanga Stream
55231,Kawehītiki Point
54952,Kāweka Forest
24875,Kawhātau River
59222,Kāwhia Bay
14213,Kekerengū Bank
24966,Kererūhuahua
24967,Kererūrukaipō
55036,Kererūtahi Forest
24969,Keretū
25228,Kōau Stream
25236,Kōhaihai Bluff
25237,Kōhaihai River
25235,Kōhai Stream
58623,Kōhaka Takahea
58662,Kōhakaweka
55587,Kōhaonui
59145,Kōhatu
55706,Kōhatupapā / Ranfurly Bay
25244,Kōhatu Point
25263,Kohetetū Stream
58033,Kōhinerākau
58032,Kohinurākau
25265,Kōhī Point
25293,Kohunui Māori Settlement
25302,Kōhuru Creek
25322,Kōkakonui Stream
25319,Kōkako Stream
25333,Kōkōariki
25348,Kōkopu Creek
25355,Kōkōreke Stream
25357,Kōkota / The Sandspit
25360,Kōkōwhai Bay / Turners Bay
7220,Kōmarupeka Creek
25401,Kōpae Stream
25409,Kōpakiraho Stream
25431,Kōpua
25433,Kōpua
25438,Kōpuapounamu River
25441,Kōpuaranga
25442,Kōpuaranga River
25443,Kōpuaroa
25445,Kōpuaroa Stream
25446,Kōpuaroa Stream
25449,Kōpuawhara Disaster 1938
25462,Kōpuni Stream
25531,Kōtaipapa Point
25559,Kōtiro Point
25563,Kōtoitoi Bay
58652,Kōtuku
25578,Kōtukutuku
58688,Kōtukutuku
7347,Kōtukutuku Bay
54907,Kōtukutuku Bay
54908,Kōtukutuku Stream
25582,Kōtukutuku Stream
58799,Kōura
25596,Kōurarau Dam
25597,Kōurarau Stream
54953,Kōwai Forest
25621,Kōwhai Creek
55705,Kōwhairoa Peninsula
14544,Kōwhai Seavalleys
25629,Kōwhai Stream
25646,Kūaotunu
25647,Kūaotunu Beach
25648,Kūaotunu River
2595,Kūaotunu West
7348,Kūhārua Point
59753,Kūmara Hill
25673,Kumeū
25674,Kumeū River
55406,Kura Tāwhiti Scenic Reserve
57151,Kurī
14547,Kurī Banks
25697,Kurī Creek
25714,Kurukōhatu Point
58713,Kutupārera
7293,Lake Alabaster/Wāwāhi Waka
7531,Lake Āniwaniwa
25789,Lake Ātiamuri
2672,Lake Hāwea
2671,Lake Hāwea
26028,Lake Mōkeno
55604,Lake Ngākeketo Recreation Reserve
26045,Lake Ngānoke
26060,Lake Ōhau
26063,Lake Ōkaihau
7385,Lake Ōkareka
7386,Lake Ōkataina/Te Moana i kataina ā Te Rangitakaroro
26071,Lake Ōmāpere
26070,Lake Ōmāpere
26085,Lake Ōwhareiti
26122,Lake Rāhui
7430,Lake Rotoiti/Te Roto kite ā Ihenga i ariki ai Kahu
26146,Lake Rotokākahi / Green Lake
7431,Lake Rotomā
7433,Lake Rotorua/Te Rotorua nui ā Kahumatamomoe
26230,Lake Taupō / Taupōmoana
26234,Lake Te Hāpua
54441,Lake Te Kōhua
54506,Lake Te Pōhue
26249,Lake Tīmara
54507,Lake Tūtira
26293,Lake Wānaka
58030,Lake Whatumā
54712,Little Ōnahau River
7353,Lords River/Tūtaekawetoweto
26943,Lower Kawhātau
14565,Lower Paritū Basin
7354,Lyttelton Harbour/Whakaraupō
56598,Māhaka Ponds
27139,Māhanga Bay
27141,Māhanga Creek
27142,Māhanga Stream
27143,Māhanga Stream
27153,Māheipuku Point
58647,Mahenokōhiku
27165,Māhia
27166,Māhia Beach
59096,Māhia Canyon
27167,Māhia Peninsula
54434,Māhia Seamount
54504,Māhina-a-rangi Stream
27171,Māhina Bay
27170,Māhina Bay
14576,Māhina Knoll
7357,Mahināpua Creek/Tūwharewhare
58489,Māhoenui
58377,Māhoenui
27199,Māhungarape Island / Round Island
27276,Mākahakaha Ngārara Stream
27277,Mākahakaha Stream
27278,Mākahakaha Stream
58908,Mākahakaha Stream
3023,Mākahakaha Stream
27294,Mākahikatoa Stream
3026,Mākahikātoa Stream
27296,Mākahikātoa Stream
3027,Mākahikātoa Stream
27295,Mākahikātoa Stream
27280,Mākahi Stream
27308,Mākākahi River
27315,Mākākāriki Stream
27320,Mākara
27321,Mākara
27322,Mākara Beach
27323,Mākara Hill
27337,Mākaraka
27339,Mākaraka Stream
27342,Mākaramea Stream
27343,Mākarangū Stream
27324,Mākara River
13894,Mākara River
27335,Mākara Stream
27329,Mākara Stream
27328,Mākara Stream
27334,Mākara Stream
27325,Mākara Stream
27332,Mākara Stream
27327,Mākara Stream
27331,Mākara Stream
27330,Mākara Stream
27333,Mākara Stream
27326,Mākara Stream
27349,Mākareao
27357,Makaretū Stream
55861,Makaretū Stream
27364,Mākarika Stream
7199,Mākaro / Ward Island
27381,Mākawakawa Stream
27380,Mākawakawa Stream
27394,Mākiekie / Coal Creek
54957,Mākino Forest
27413,Mākiore Stream
27414,Mākiri
27421,Mākirikiri Stream
27424,Mākirikiri Stream
32784,Mākirikiri Stream North Branch
27434,Mākōkako Stream
27446,Makōkōmuka Stream
27445,Mākōkōmuka Stream
58911,Mākōkōmuka Stream
3044,Mākōkōmuka Stream
3043,Mākōkōmuka Stream
27462,Mākorokoro Stream
27470,Mākōtukutuku Stream
27471,Mākōtukutuku Stream / Washpool Creek
27477,Mākōwhai Stream
58832,Manapōuri
58617,Manawahē
3067,Manawatāwhi / Great Island
3068,Manawatāwhi / Three Kings Islands
27567,Manawatū River
58038,Manawatū-Whanganui Region
27618,Mangahārei Stream
27642,Mangahinātore Stream
27668,Mangahoukū Stream
55039,Mangakāhia Forest
27709,Mangakāhia River
7530,Mangakōkakotaea Stream
27794,Mangakōpikopiko Stream
27793,Mangakōpikopiko Stream
54508,Mangakōpikopiko Stream
27809,Mangakōtukutuku Stream
27810,Mangakōtukutuku Stream
27811,Mangakōtukutuku Stream
27820,Mangakūkū Stream
27828,Mangakurī Stream
27834,Mangamāhaki Stream
27845,Mangamāia Stream
27877,Mangamātukutuku Stream
27886,Mangamāunu
27888,Mangamāunu Stream
55860,Mangamōteo Stream
27910,Mangamōteo Stream
27936,Manganīkau Stream
28028,Mangaongāwāhine Stream
28065,Mangaotāne Stream
28064,Mangaotāne Stream
28170,Mangapōhue Stream
28173,Mangapōike River
55888,Mangapōuri Stream
28188,Mangapōuri Stream
55463,Mangapū Stream
28223,Mangarākai Stream
28224,Mangarākau
28225,Mangarākau Stream
28227,Mangarākeke Stream
54579,Mangatāwhai
28383,Mangatāwhiri
28384,Mangatāwhiri Crossing
55041,Mangatāwhiri Forest
28385,Mangatāwhiri River
28445,Mangatītī Stream
28446,Mangatītī Stream
28494,Mangatōtara Stream
55042,Mangatū Forest
28498,Mangatū River
28504,Mangatū Stream
28527,Mangatūtaekurī
28526,Mangatūtae Stream
28616,Māngere
28617,Māngere Bridge
28618,Māngere East
28619,Māngere Falls
3167,Māngere Inlet
28620,Māngere River
28621,Māngere Stream
28629,Mangōnui
54958,Mangōnui Forest
3169,Mangōnui Harbour
28659,Man-o-War Bay / Pāharakeke
58681,Mānuka
28683,Mānuka Hill
28692,Mānuka Stream
54413,Mānunutahi Bay
7362,Manupīrua Bay
54926,Mānutewhau Creek
28721,Manutūkē
28726,Māori Bay
28728,Māori Channel
28749,Māori Gully
28746,Māori Gully
28748,Māori Gully
28761,Māori Pā Beach
28766,Māori Point
28762,Māori Point
28765,Māori Point
3203,Māori Rocks
58490,Māpiu
28787,Māpua
28823,Mārahau
28824,Mārahau River
57956,Māra kura
28831,Marama Tāwhaua
28848,Mārau
28849,Mārau Beach
55045,Mareretū Forest
55726,Mārima
28895,Māriri
28957,Martello Rock / Ruakōura
7363,Mātaikōtare
58080,Mātaitai Bay
54961,Mātaitai Forest
58078,Mātaitai Point
58081,Mātaitai Scenic Reserve
3279,Matakā
29102,Mātaki Stream
29106,Mātakitaki
29107,Mātakitaki River
29108,Mātakitaki River East Branch
47716,Mātakitaki River West Branch
29156,Matapū Stream
29183,Matatā
29215,Mātāwai
59517,Mātāwai
29218,Mātāwai Stream
29267,Mātiere Point
29287,Mātokitoki Stream
54539,Matukutūreia / McLaughlins Mountain
54552,Matukutūruru
29332,Maungahīha
54771,Maunga Kākaramea
60038,Maunga Kākaramea Scenic Reserve
29347,Maungakōtukutuku Stream
29379,Maungapōhatu
60018,Maungatūtū
29442,Maunupōhatu Stream
29458,Mautōtara Stream
29461,Māwhai Point
29487,Mayor Island / Tūhua
58751,Moanapākura
30007,Moana Pūtakitaki Lagoon
58417,Moana-whenua-pōuri / Edwardson Sound
56600,Moawhango Névé
55053,Mōhaka Forest
30076,Mōhakatino
30077,Mōhakatino River
30079,Mōhau Stream
30093,Mōioio Island
58487,Mōkau
30103,Mōkau
3515,Mōkau Bay
30105,Mōkau Bay
30106,Mōkau Falls
30107,Mōkau Inlet
58493,Mōkauiti
58494,Mōkauiti Stream
58488,Mōkau River
30113,Mōkau Stream
30112,Mōkau Stream
30111,Mōkau Stream
54884,Mōkihinui Forest
30127,Mōkihinui River
30128,Mōkihinui River North Branch
30129,Mōkihinui River South Branch
54701,Mokohīnau Canyon
14214,Mokohīnau Knoll
30153,Mokotā Stream
30259,Mōpānui
30268,Mōrere
3556,Mōrere Gully
30269,Mōrere Hill
30270,Mōrere Stream
30342,Mōtītī Island
14626,Mōtītī Scarp
30347,Mōtū
30348,Mōtū Falls
30420,Motukēhua Island / Nops Island
3597,Motukōkako Island / Piercy Island
30438,Motukōrure Island / Centre Island
30450,Motumāhanga / Saddleback
54927,Motumānawa / Pollen Island
30482,Motungārara Island / Fishermans Island
54518,Motu-o-Rūrū
8772,Motupōhue Scenic Reserve
30355,Mōtū River
54904,Motutāhae
30551,Motutākupu Island / Gannet Island
56601,Mount Hāwea
56602,Mount Kōpere
31338,Mount Māhanga
3787,Mount Ōhakiri
56603,Mount Pūkākī
31827,Mount Tūtoko
54442,Mount Tūwhakarōria
7371,Mourā Bay
7372,Mourā Point
10562,Mūmū Nunatak
32109,Nākahi Stream
55207,Ngā Atua Tātā / Kerr Point
32282,Ngāhape
7374,Ngāhauā Bay
7375,Ngāheretā Bay
3983,Ngāhinapōuri
32295,Ngāhinapōuri Island
32307,Ngāihihiopoanga
32333,Ngākawau River
3971,Ngā Kiore / Jag Rocks
32356,Ngākuta Bay
32355,Ngākuta Bay
32357,Ngākuta Bay
32358,Ngākutu Point
32364,Ngāmahau Bay
7377,Ngāmimiro Bay
54519,Ngāmoerangi
54967,Ngāmoko Forest
58423,Ngāmotu
55057,Ngāmotu-a-te-Ahimaire Bush
3972,Ngā Motu / Sugar Loaf Islands
56642,Ngā Motu / Sugar Loaf Islands Conservation Park
55715,Ngā Motu / Sugar Loaf Islands Sanctuary
54761,Ngā Pona-toru-a-Peretū Scenic Reserve
32415,Ngāpōpōhia
32416,Ngāpōtiki
58034,Ngā Puha-ake-o-te-ora
7378,Ngāpuka Bay
32451,Ngārarahiwihiwi Stream
32454,Ngārarapapa Stream
55576,Ngā Rimutāmaka
7538,Ngāroto
58959,Ngā Roto-o-Rangataua Scenic Reserve
55583,Ngā Roto-o-Te-Kaponga Wetlands
32476,Ngārua Caves
32480,Ngāruawāhia
55222,Ngārui-o-te-Marangai Beach
32503,Ngātapa
32504,Ngātapa
32506,Ngātapa Stream
32526,Ngātīmoti
32533,Ngātohuahira
55889,Ngātoko Stream
14215,Ngātoro Basin
14216,Ngātoro Canyon
55536,Ngātoroirangi Seamount
4011,Ngātoro Peak
14217,Ngātoro Ridge
4012,Ngātoru Stream
54566,Ngā Tuaitara-a-Taikehu
32559,Ngāturuturu
55058,Ngāumu Forest
32566,Ngauotekākā
32585,Ngāwakapātiki Stream
55724,Ngāwhakaraua
32599,Ngāwhakatarara Stream
32601,Ngāwhakatātara
32602,Ngāwhakawhiti Bay
32613,Ngongotahā
32614,Ngongotahā
32615,Ngongotahā Stream
32616,Ngongotahā Valley
32621,Ngūroa Bay
32682,Nīkau Creek
58689,Nohotūroa
32763,Nōpera
32836,North Mākara Stream
32841,North Ōhau River
14218,North Paritū Ridge
32901,Nūhaka
54938,Nūhaka Forest
32902,Nūhaka River
32929,Ōakura
32930,Ōakura
4092,Ōakura Bay
32931,Ōakura Bay
32933,Ōakura Stream
32936,Ōamaru Bay
32937,Ōamaru Bay
56604,Ōamaru Peak
32939,Ōamaru River
32940,Ōamaru Stream
32941,Ōananga Bay
32950,Ōariki Stream
32953,Ōatua
32992,Ōhaeawai
32998,Ōhaiatangaora Stream
55610,Ōhane Stream
33033,Ōharuru
33034,Ōhau
33035,Ōhau Bay
33037,Ōhau Channel
55060,Ōhau Forest
33038,Ōhau Gorge
33039,Ōhau Hill
33061,Ōhauparuparu Bay
56605,Ōhau Peak
33063,Ōhaupō
33042,Ōhau Point
33043,Ōhau Point
33044,Ōhau Point
33046,Ōhau River
33047,Ōhau River
33050,Ōhau Stream
33051,Ōhau Stream
33053,Ōhau Stream
33049,Ōhau Stream
33052,Ōhau Stream
55209,Ōhau / West Island
58766,Ōhekeia
54702,Ōhena Knoll
33080,Ōhikaiti River
33082,Ōhikanui River
33085,Ōhineakai
54593,Ōhinemahuta River
33101,Ōhinepaka
4134,Ōhinerau
54542,Ōhinerau / Mount Hobson
58334,Ōhinetahi
33116,Ōhinetamatea River / Saltwater Creek
33133,Ōhingaiti
33134,Ōhingaroa Bay
58491,Ōhīrea
58802,Ōhiriru
33144,Ōhiwa
33145,Ōhiwa Harbour
4140,Ōhope
33153,Ōhope Beach
58632,Ōhoumata
54548,Ōhuiarangi / Pigeon Mountain
33177,Ōhura
33178,Ōhura River
33207,Ōkahau Point
33233,Ōkahuatiu
55061,Ōkahukura Bush
7384,Ōkahutoroa Bay
57753,Ō kaihae
33248,Ōkaihau
33249,Ōkaihau
33251,Ōkaihau Stream
58735,Ōkākā
33260,Ōkākaho Stream
33273,Ōkapua Creek
55062,Ōkara Forest
33281,Ōkaranga Stream
58643,Ōkare
58641,Ōkare
33289,Ōkārewa Point
33291,Ōkari Lagoon
33292,Ōkari River
7204,Ōkārito
7207,Ōkāritoiti / Lake Windermere
7205,Ōkārito Lagoon
7206,Ōkārito River
33302,Ōkato
33313,Ōkaura Stream
33305,Ōkau Stream
7387,Ōkawa Bay
7388,Ōkere Inlet
58335,Ōketeupoko
33344,Ōkiore Point / Rugged Point
33352,Okitū
33357,Ōkiwi Bay
33356,Ōkiwi Bay
33355,Ōkiwi Bay
33362,Ōkoha Saddle
33403,Ōkōura Stream
33408,Ōkukari Bay
33415,Ōkūkū River
33419,Ōkupe Lagoon
4158,Ōkura
14666,Ōkura Rock
54996,Ōmaha Forest
54570,Ōmāhuri
55063,Ōmahuta Forest
55538,Ōmakere Ridge
14219,Ōmakere Trough
58082,Ōmangaia Pā
33545,Ōmanu Creek
58772,Ōmanui
33547,Ōmanuporoaki Stream
33550,Ōmāpere
33552,Ōmāpere Stream
33561,Ōmarama
33576,Ōmarukohaki Stream
7390,Ōmarupoto Bay
33581,Ōmarutipi
55065,Ōmataroa Forest
4191,Ōmāui Island
58875,Ōmawete / Coopers Knob
58807,Ōmāwhero
57145,Ōmiha
57299,Ōmihi
33630,Ōmoeroa River
33636,Ōmōkau Bay
33640,Ōmokoroa
33641,Ōmokoroa Beach
33642,Ōmokoroa Point
33649,Ōmotumotu Creek
33659,Ōnahau
33660,Ōnahau Bay
54713,Ōnahau River
33666,Ōnauku Bay
59774,Onetāhua Rise
33772,Ōngāwanga Creek
33773,Ōngaware Stream
33774,Ōngāwari
33780,Ōnoke
14669,Ōnoke Bank
57300,Ōnuku
33792,Ōpaheke
33791,Ōpaheke
4219,Ōpaheke Point
33805,Ōpaki
7214,Ōpango Stream
33818,Ōpani-āputa Point
54609,Ōpaoa River
56440,Ōparapara / Samson Bay
33827,Ōpārara
33828,Ōpārara River
33829,Ōpārau
33830,Ōpārau River
33841,Ōpau Bay
33843,Ōpau Stream
58646,Ōpēhia
58620,Ōpēhia
55593,Ōpeketā Stream
55596,Ōpeketā Swamp
33871,Ōpihi Bay
33872,Ōpihi River
58796,Ōpihu
33894,Ōpoho Creek
58338,Ōpōkihi
33900,Ōpokongaruru Stream
33912,Ōpōtiki
33913,Ōpōtiki
33914,Ōpōtiki Bay
59009,Ōpōtiki District
33915,Ōpōtiki Stream
54714,Ōpou
14672,Ōpouawe Bank
14673,Ōpouawe Canyon
33924,Ōpouawe River
33920,Ōpou Point
33929,Ōpōuri Peak
33931,Ōpōuri River
33932,Ōpōuri Saddle
33943,Ōpouwehe
33947,Ōpua Bay
54968,Ōpua Forest
33967,Ōpuku Cliff
58339,Ōpukutahi
33971,Ōpunake
33972,Ōpunake Stream
33980,Ōpūrehu River
33993,Ōraka Stream
34003,Ōraki
34005,Ōrakipaoa Creek
7208,Ōrangipuku River
7544,Ōrangipuku River Scenic Reserve
14674,Ōrapa Rock
34036,Ōrarapa Island / The Haystack
34040,Ōrataura Stream
54587,Ōraumoa / Fighting Bay
58630,Ōrautahi
34070,Orepū Creek
34073,Ōrere
34074,Ōrere Point
34075,Ōrere Point / Rangipākihi
34076,Ōrere River
34077,Ōrere Stream
34078,Ōrereti Stream
34081,Ōreteiti Bay
14675,Ōreti Bank
4253,Ōreti River
34087,Ōrewa Beach
34088,Ōrewa Hill
34089,Ōrewa River
34090,Ōrewha
58834,Ōrokiroki
58729,Ōroko
34136,Ōrongo
58876,Ōrongomai / Cass Peak
34143,Ōrongorongo
34144,Ōrongorongo River
55735,Ōrongotea Stream
58715,Ōroroa
34178,Ōruahea Stream
58825,Ōruahine
34186,Ōruakarahea Stream
34199,Ōruapūkaikena Creek
4274,Ōruariki Stream
7392,Ōruaroa Bay
7393,Ōruaroa Point
34176,Ōrua Stream
34205,Ōruatāmaru Stream
58596,Ōtaetae
55577,Ōtahatekapua
55578,Ōtahatekapua Kāinga
54794,Ōtahuao
54969,Ōtahu Bush
34261,Ōtāhuhu
34262,Ōtāhuhu Creek
54543,Ōtāhuhu / Mount Richmond
34263,Ōtāhuhu Point
54906,Ōtaiātoa Bay
55459,Ōtaiātoa Bay Recreation Reserve
55211,Ōtaipango / Henderson Bay
7394,Ōtairoa Beach
34291,Ōtakahia Stream
34305,Ōtaki
34304,Ōtaki
34306,Ōtaki Beach
34307,Ōtaki Creek
34308,Ōtaki Forks
58710,Ōtākirikiri
34309,Ōtaki River
34325,Ōtamahama Stream
4287,Ōtamahua / Quail Island
55571,Ōtamakotinga
8892,Ō Tamakura Historic Reserve
58727,Ōtamakurua
4288,Ōtamarau
58800,Ōtamatea
34368,Ōtāne
58600,Ōtāneāniwa
34372,Ōtānerau Bay
54406,Ōtānerua / Hatfields Beach
54970,Ōtangaroa Forest
7395,Ōtangimoana Bay
57779,Ō Tāpara
34408,Ōtapokura
34414,Ōtara
34417,Ōtara
34416,Ōtara
58669,Ōtara
57637,Ō Tara
34418,Ōtara Bay
34419,Ōtara Bay
34420,Ōtara Creek
34421,Ōtara Head
14220,Ōtara Knoll
7397,Ōtaramarae Bay
34423,Ōtara Point
34424,Ōtara Point
34425,Ōtara Point
34422,Ōtara Point
34443,Ōtarapō Stream
34426,Ōtara River
34427,Ōtara Stream
34431,Ōtara Stream
34432,Ōtara Stream
34429,Ōtara Stream
34430,Ōtara Stream
34447,Ōtarawao Bay
34462,Ōtaua
34464,Ōtaua River
34465,Ōtaua Stream
54578,Otauira Pā
58801,Ōtaupiri
34479,Ōtautau Stream
7398,Ōtautū Bay
34488,Ōtāwaiwai Stream
34489,Ōtawakepaka Stream
34496,Ōtāwhau Stream
58718,Ōteauau
34513,Ōtehe / Crayfish Point
57949,Ō Te Heke
58851,Ōtehika
58621,Ōtehoko
58783,Ō-te-horua-a-Te-Puhituia
55588,Ōtemataraha Lake
55688,Ōtemataraha Wetland
57980,Ō te matua
58803,Ōteraia
34544,Ōterāwhanga
34547,Ōterei
34548,Ōterei River
54715,Ōtere River
58739,Ōterokonui
58485,Ōtewā
54716,Ōtimataura Creek
34568,Ōtira River
4316,Ōtokitoki / Gollans Bay
34590,Ōtoko River
58379,Ōtokotoko
34597,Ōtonga Point
34603,Ōtōpōtehetehe Lake
58486,Ōtorohanga
58071,Ōtorohanga District
34615,Ōtoto Stream
58625,Ōtū
34637,Ōtuauri
34627,Otū Bay
58343,Ōtūherekio
34648,Ōtūhira Stream
54895,Ōtūmahana
55719,Otūmaikuku
7399,Ōtūmarokura Bay
7400,Ōtūmarokura Point
54892,Otūmoetai
54644,Otūmoetai Beach
54893,Otūmoetai Channel
54894,Otūmoetai Pā
56652,Otūmūtū
34690,Ōtūpōhatu
58813,Ōtūpuahiri
4327,Ōturaki Creek
58380,Ōtūtohukai
55066,Ōtutu Bush
55462,Otūwairoa Stream
34731,Otūwhero Inlet
34732,Otūwhero River
54495,Ōueariu
34745,Ōuewheki
58806,Ōuruwera
58755,Ōuruwera
54556,Ōwairaka
34790,Ōwaka River
34799,Ōweka Stream
34816,Ōwhakarotu Stream
34824,Ōwhango
34831,Ōwhata
34832,Ōwhata
4346,Ōwhata
34834,Ōwhata Stream
7401,Ōwhatiura Bay
34846,Ōwhiro
34848,Ōwhiro Bay
4349,Ōwhiro Bay
34849,Ōwhiro Stream
34850,Ōwhiro Stream
34851,Ōwhiro Stream
59763,Paekākā
58814,Paekākāpō
34906,Paekākāriki
54455,Paekākāriki Hill
54399,Paekākāriki Hill
55212,Paengarēhia / Twilight Beach
7540,Paepae-o-Tū / Bream Tail
34962,Pāhakorea Point
4378,Pāhaoa
55539,Pāhaoa Canyon
4379,Pāhaoa River
34971,Pāharakeke Stream
4381,Pāhātea / Durden Hill
59405,Pā Hill
34874,Pā Hill Stream
55067,Pāhoka Bush
35019,Paikākaho
54912,Pākā Bay
59764,Pākaraka
35066,Pākawau
35067,Pākawau Creek
35068,Pākawau Inlet
58344,Pākererū
10579,Pākira Nunatak
35126,Pākōwhai Stream
35125,Pākōwhai Stream
59765,Pākuku Stream
35133,Pākuratahi
35134,Pākuratahi Forks
35135,Pākuratahi River
54509,Pākuratahi Stream
35191,Pangatōtara
14689,Pānia Reef
14690,Pānia Rock
58648,Pānui-o-Hau
35247,Papakōhatu Island / Crusoe Island
4422,Papakōwhai
58654,Papatīeke
35345,Papatōrea
59519,Papatū
57213,Papawhitu Pā
58922,Pāpōkeka Stream
7532,Pārae Karetu
54573,Paratītahi Tarns
4460,Pāremoremo
57500,Pārengarenga Canyons
35509,Pārengarenga Harbour
35510,Pārengarenga Pā
56607,Pārera Pond
35572,Paritū
14700,Paritū Basin
14701,Paritū Gap
54703,Paritū Trough
35670,Pātakanui Stream / Grannys Creek
35673,Pātangata
35685,Pātea
57648,Pātea
14706,Pātea Banks
35686,Pātea Dam
35687,Pātea River
58631,Pātere
35711,Pātiki Stream
56606,Pātiotio Gap
35716,Pātītī Island / Banded Island
35717,Pātītī Point
59187,Pātītī Scenic Reserve
58685,Pātituna
55714,Patuhā Scenic Reserve
57803,Patupō
35756,Pātūtahi
4521,Pāuakaiwawe / McLarens Bay
4526,Pāuatahanui
4528,Pāuatahanui Stream
55479,Pēhiakura
55480,Pēhiakura Lake
57309,Peketā
7409,Pigeon Island/Wāwāhi Waka
7408,Pig Island/Mātau
58845,Pīkaroro
58616,Pīkōau
36176,Pīpiko Stream
36202,Pīrauau
4643,Pīreka / Low Neck Bay
58125,Piripāua
36246,Pītoitoi Point
59756,Pōhā Hill
36327,Pōhara
36328,Pōhara Beach
4665,Pōhatu / Flea Bay
36336,Pōhatuhatununui Stream
36338,Pōhatukura
58083,Pōhaturoa
36332,Pōhatu Stream
36345,Pōhoenui Stream
57601,Poho ō Tairea
58345,Poho Tārewa
36358,Pōhue Stream
58812,Pōhuruhuru
4673,Pōhutukawa Stream
58868,Pōhutuwai
58126,Point Ellis / Ōtara Point
58699,Pōkaikōkō
36411,Pōkaiwhenua Stream
36420,Pōkeno
55461,Pōkino Kainga
36441,Pōkurakura Point
36461,Pōmare
10594,Pōnui Nunatak
36523,Pōpōtai Island
36530,Pōrangahau
55540,Pōrangahau Ridge
36531,Pōrangahau River
36532,Pōrangahau Stream
55541,Pōrangahau Trough
4706,Port Ōhope
36591,Port Pūponga
4707,Port Whangārei
59830,Port Whangārei
36628,Pōtaka
36637,Pōtātua Stream
57787,Pōteriteri
36667,Pouawhāriki Stream
58035,Pouhōkio Stream
7412,Pourākau Bay
54493,Poutākoro Head
58088,Pōwhaturoa
36840,Pūangiangi Island
10600,Pūanu Glacier
36868,Pūerua
36869,Pūerua River
36870,Pūerua River Deviation
36874,Pūhā
58717,Pūharakeke
36918,Pūkākaho Stream
55722,Pūkākā / Marsland Hill
14221,Pūkākī Bank
54704,Pūkākī Canyon
14222,Pūkākī Rise
54705,Pūkākī Saddle
14173,Pūkākī Seachannel
36931,Pūkaroronui
36930,Pūkaroro Rock
36977,Pukehīnau
4794,Pukehīnau / Shellback Stream
57209,Puke-i-Āki-Rangi
37017,Pukekākā
56608,Pūkeko Pond
37076,Pukemānuka
37077,Pukemānuka Stream
54562,Puketāpapa
54972,Puketī Forest
37259,Puketī Point
37266,Puketītī
49347,Puke Toropā Mountain
54561,Pukewīwī
37342,Pūkio
55511,Pūkio Stream
58777,Pūkorokio
54766,Pūkorokoro Hill
54649,Pūkorokoro / Miranda
54891,Pūkorokoro / Miranda Hot Springs
54890,Pūkorokoro / Miranda Hot Springs
54767,Pūkorokoro Stream
54516,Punakērua Beach
37431,Pūniu River
4857,Pūotewheke / Scuffle Island
37439,Pūponga
4858,Pūponga Point
54510,Pūrahoitangihia
4860,Pūrākaunui
37463,Pūrākaunui Bay
4861,Pūrākaunui Bay
4862,Pūrākaunui Creek
4863,Pūrākaunui Inlet
54717,Puramāhoi
37481,Pūrehurehu Point
54718,Puremāhaia River
37501,Pūriri Bay
37507,Pūroa Point
37515,Puruhāua Stream
37537,Pūtangirua Pinnacles
37538,Pūtangirua Stream
37545,Putāruru
4878,Pūtoetoe
55542,Pūtoto Seamount
37571,Pūwhakaoho Stream
54580,Queen Charlotte Sound / Tōtaranui
7422,Rāhuiroa Bay
37785,Rākaiwhaia Ridge
37787,Rākau
37791,Rākaukākā
37802,Rākaunui Stream
37804,Rākauroa
54601,Rākauroa / Torrent Bay
54975,Rākautao Forest
14223,Rakitū Canyon
37859,Rāmeka Creek
4941,Rāngaiika
54521,Rangiātaahua
37960,Rangitāne Bay
37981,Rangitīkei River
38005,Rangitūmau
38004,Rangitūmau
4970,Rānui
4971,Rānui Railway Station
38026,Rānui Stream
38036,Rāpaki Bay
7425,Rāpatu Bay
38060,Rārangi
38091,Rātā Hill
38103,Rātana
38136,Raukūmara
55545,Raukūmara Plain
38138,Raukūmara Range
38312,Reef Point / Tūkari Point
55546,Rēinga Basin
55547,Rēinga Ridge
38530,Rip and Tear Pākihi
49356,Riu ō Te Ata Valley
54955,Rotomā Forest
54602,Rotopōhueroa / Lake Constance
39007,Ruakākā
39008,Ruakākā Bay
54995,Ruakākā Forest
39009,Ruakākā River
55395,Ruakākā Scenic Reserve
39010,Ruakākā Stream
39011,Ruakākā Stream
58961,Ruakōkopu
39022,Ruakōkoputuna
5194,Ruakōkoputuna River
7434,Ruakōpū Bay
55213,Ruakōura / Perpendicular Point
54994,Ruatōria Forest
14224,Ruatōria Knoll
14767,Ruatōria Re-entrant
14768,Ruatōria Scarp
39141,Rūnanga Lake
39142,Rūnanga Pā
5221,Rūrima Island
14778,Rūrima Ridge
39601,Seaward Kaikōura Range
13997,Second Water Creek / Waipāpaku
7438,Ship Cone/Ōtaupiri
7442,Southern Alps/Kā Tiritiri o te Moana
40318,South Ōhau River
14225,South Paritū Ridge
5520,Spy Glass Point / Piripāua
7277,Stillwater-Ngākawau Line
41124,Tāheke Stream
41123,Tāheke Stream
41133,Tāhere Stream
54978,Tahorakurī Forest
54930,Tāhoro / Union Bay
41146,Tāhuahua
55223,Tāhuahua-Paopao-Karoro Island
41159,Tāhunanui
41160,Tāhunanui Beach
7444,Tahunapō Bay
7445,Tāhunaroa Beach
58353,Tāhunatōrea
54711,Taipō Creek
41233,Taipō Minor
41235,Taipō River
41244,Taipū Stream
41252,Taitā
5716,Taitā Railway Station
56612,Takahē Nunatak
41276,Tākaka
57159,Tākaka Hill Saddle
41277,Tākaka River
54603,Takapōtaka / Attempt Hill
58354,Takapūneke
14835,Tākapu Rock
5733,Takapūwāhia
5734,Takatū Head
5735,Takatū Point
58384,Take Kārara
54499,Tākerehaka Historic Reserve
41371,Tākou Bay
41370,Tākou Bay
5744,Tākou River
41373,Tākou Stream
55840,Tāmaki
5750,Tāmaki Railway Station
41394,Tāmaki Strait
41414,Tāmihau Island
41418,Tāmurehaua Stream
41424,Tāneatua
7282,Tāneatua Branch
54979,Tāneatua Forest
41425,Tāneatua Stream
41431,Tānekaha Creek
41441,Tāngarākau
54980,Tāngarākau Forest
41442,Tāngarākau Gorge
41443,Tāngarākau River
41452,Tāngawhīnau Stream
59585,Tāpapanui
41532,Tāpapaweka Point
41537,Tāpatu Stream
5775,Tāpoa / Erskine Point
55581,Tāpui-o-te-uira
41578,Tāpui Pā
41616,Tarakaipā Island
10659,Tarakākā Peak
54987,Tārere Forest
58840,Tārere-ki-whenua-uta
41713,Tārewarewa Stream
54498,Tātaiāhape
41767,Tatapōuri
41766,Tatapōuri
41768,Tatapōuri Point
55713,Tataraimaka / St George’s Redoubt Historic Reserve
56626,Tataraimaka Urupā Historic Reserve
41774,Tātaramoa Stream
58429,Tātara Reef
7223,Tātāwhākā Creek
58712,Tā-te-kākāpō
41791,Tātuaotemaumu
55611,Tauira Mateāwhā
41819,Taumānuka
41845,Taumataokaretū
41853,Taumatapātītī
5847,Taumatawhakatangihangakōauauotamateapōkaiwhenuakitānatahu
58702,Tau-o-te-kāeaea
54465,Tauparikākā Marine Reserve
41913,Taupō
41914,Taupō Bay
41915,Taupō Bay / West Bay
5854,Taupō Creek
41917,Taupō Hill
41918,Taupō Point
54632,Taupō Point
41919,Taupō Stream
41920,Taupō Stream
41921,Taupō Swamp
41946,Tauranga Taupō River
42025,Tauwharepārae
55771,Tāwakewake Island / The Queen
42069,Tāweka Stream
7454,Tāwhakarere Bay
42079,Tāwhanga
5881,Tāwharanui
10237,Tāwharanui Marine Reserve
5882,Tāwharanui Peninsula
42089,Tāwhiriwaimānuka Stream
42090,Tāwhiroko Point
54639,Tawhitikurī / Goat Point
57897,Tāwhitiwhitiroro
59384,Teacup Island / Tūkoro
54557,Te Ahi-kā-a-Rakataura
42168,Te Ākau
5902,Te Ākau / Black Beach
42172,Te Ākau Point
42170,Te Ākau Point
42171,Te Ākau Point
42173,Te Ākau Point
42174,Te Ākau South
42175,Te Ākau Stream
42176,Te Ākau Stream
54595,Te Anamāhanga / Port Gore
42213,Te Āpiti
42224,Te Ārai River
57504,Te Ara-o-Tūrongo
55433,Te Ara Tāiko Nature Reserve
7455,Te Ārero Bay
5914,Te Atatū Peninsula
42254,Te Atatū South
58050,Te Awa-o-Tū / Thompson Sound
42298,Te Āwhā Stream
42310,Te Hāpara
42312,Te Hapū
42313,Te Hāpua
42314,Te Hāpua Bay
58044,Te Hāpua / Sutherland Sound
7541,Te Hāwere-a-Maki / Goat Island
10243,Te Hāwere-a-Maki / Goat Island Scientific Reserve
42328,Te Hēkawa Point
10240,Te Heru o Tūreia Historic Reserve
7458,Te Hīnau Bay
60017,Te Horohoroinga-o-ngā-ringa-o-Kahumatamomoe
54454,Te Ika-a-Māui
58362,Te Iringa-patu-pāraoa-o-Te-Rangitaurewa
57722,Te Iwi o Pātea
54924,Te Kā-a-Maki / Jackie Hill
58767,Te Kāika-o-Niho
58794,Te Kāika-o-te-kēroa
58700,Te Kāika-o-te-takahea
42477,Te Kākaho Island
58680,Te Kākahu-o-Tamatea
42474,Te Kākā Stream
56586,Tekapō Ridge
7461,Te Kāramuramu Bay
54440,Te Kārearea Peak
58694,Te Kauwāroa
55572,Te Kawa-o-Tāwhaki
58615,Te Kōhaka-o-Te-Ruru
55221,Te Kōhanga / Shipwreck Bay
58732,Te Kōkō
7462,Te Kōpiha Bay
54563,Te Kōpuke
42610,Te Kōpuru
42611,Te Kōpuru Point
58701,Te Kora-o-Tū
42622,Te Kotingaomōkaituatini
7463,Te Koutū Wetland
58386,Te Kōwhai
42638,Te Kōwhai Stream
58492,Te Kūiti
58387,Te Kurī
58608,Te Kurī
42655,Te Kurī
57923,Te Kurī a Kopuwai
54443,Te Kurī-a-Paoa Seamount
10241,Te Kuri a Paoa/Young Nick’s Head National Historic Reserve
42665,Te Māhia
42692,Te Māngai Stream
42701,Te Mānuka
42715,Te Mārua
58364,Te Mata Hāpuka
7464,Te Matahī Lagoon
42736,Te Matatū
58790,Te Māui
58613,Te Māuiui-kōhaka-o-Te-Ruru
55465,Te Māunu a Tū Bluff
55718,Te Mōrere Pā
58852,Te Motu-kāika-kurī
58622,Te Motutūroro
58085,Te Ngāherehere-o-Kohukohunui Forest
58785,Te Nohoaka-o-Tū
58691,Te Nohoaka-o-Tū
58821,Te Onepakakē
55202,Te Oneroa-a-Tōhē / Ninety Mile Beach
42839,Te Pākeka Point
59514,Te Pākira
57832,Te Papanui o Tū
58614,Te Paparoa-o-Tū
42864,Te Pātītī Stream
42866,Te Patukōura
57921,Te Poho Tārewa
42892,Te Pōhue
6026,Te Pōhue
7469,Te Pōhue Bay
7470,Te Pōhue Bay
6027,Te Pōhue / Camp Bay
42906,Te Pōrere Redoubt Lower
42907,Te Pōrere Redoubt Upper
58089,Te Pounui-o-Peretū
57854,Te Puhi ā Noa
57901,Te Pūkārehu o te ahi a Tamatea
54568,Te Punawai Pā
54496,Te Purenga-o-Tāneatua Stream
58053,Te Rā / Dagg Sound
58886,Te Rāpaki-o-Te Rakiwhakaputa
7472,Te Rātā Bay
43020,Te Rātā Creek
7473,Te Raupōroa Beach
58590,Te Rereka-o-Māui
54415,Te Rite-a-Kawharu Pā
6073,Te Tāhuna o Rangataua
7528,Te Tāpiri
58692,Te Tapuwae-o-Māui
54535,Te Tātua-a-Riukiuta
55489,Te Teoteo Pā
7478,Te Tī Bay
55575,Te Toka-a-Kōraria
43203,Te Tōwaka Bay / Burnside Bay
6084,Te Umukurī / Wellers Rock
58884,Te Upoko-o-Kurī / Witch Hill
7526,Te Urenui Pā
6093,Te Waikoropupū River
7200,Te Waikoropupū Springs
9261,Te Waikoropupū Springs Scenic Reserve
57797,Te Wai ō Hinetū
54525,Te Waka-o-Ngārangikataka Ridge
55598,Te Whakahūhi Stream
58370,Te Whakatakanga-o-te-ngārehu-o-te-ahi-a-Tamatea
58391,Te Whanga-a-Te-Kōkō
6111,Te Whetū Kairangi Ridge
43390,Te Wīriki Stream
7483,The Bluff/Motupōhue
57884,Tīhaka
6276,Tīheru Island
43999,Tīheru Island / The Dog
44021,Tikimāeroero Point
44055,Tikotātahi Bay
44067,Tīmaru Redoubt
44068,Tīmaru River
44070,Tīmaru Stream
44069,Tīmaru Stream
44110,Tīnui
44111,Tīnui Hill
44112,Tīnui Island
44113,Tīnui River
54416,Tīpare Island
44138,Tīrau
44137,Tīrau
44139,Tīrau Bay
44140,Tīraumea
44141,Tīraumea River
44142,Tīraumea River
44143,Tīraumea Saddle
44144,Tīraumea Stream
58943,Tirohanga Hukapō
6308,Tītahi Bay
44187,Tītahi Bay
59962,Tītahi Creek
55482,Tītī
54564,Tītīkōpuke
6313,Tītī / Muttonbird Islands
14867,Tītokarua Reef
44219,Tītoki Bay
44267,Tohorā Pirau
44276,Tōiro Stream
58372,Toitū
54606,Tokangawhā / Split Apple Rock
54638,Toka Pōtaka Rock
44316,Tokatā
44359,Tokomāpuna / Barrett Reef
44360,Tokomāpuna Island / Aeroplane Island
44421,Tongapōrutu
44422,Tongapōrutu River
44467,Tōrea Rocks
44474,Tōrere
44475,Tōrere River
44496,Toropūihi Creek
55078,Tōtara Bush
44523,Tōtara Creek
44525,Tōtara Flats
44529,Tōtara Lagoon
44561,Tōtaranui
57124,Tōtaranui
44562,Tōtaranui Beach
44563,Tōtaranui Stream
44565,Tōtaranui Stream
44566,Tōtaranui Stream
44531,Tōtara Park
44536,Tōtara River
44537,Tōtara River
44538,Tōtara Rocks
44540,Tōtara Saddle
44555,Tōtara Stream
44546,Tōtara Stream
44557,Tōtara Stream
44558,Tōtara Stream
44554,Tōtara Stream
44556,Tōtara Stream
6380,Tōtara Vale
44635,Treble Tree Point / Ōtūhoto
7486,Tuarāhiwiroa Point
6430,Tū Āraiawa Island / Fin Island
55079,Tūhoe Forest
44775,Tūhua
44779,Tūī
44783,Tūī Glen
14226,Tūī Seamount
10684,Tūkeri Peak
7487,Tūmoana Bay
7488,Tūmoana Point
14883,Tūmokemoke Knoll
44832,Tūmokonui
44872,Tūngutungtu Stream
44882,Tūnoamai Point
6458,Tunupō
6459,Tunupō Creek
44895,Tūpāroa
57609,Tūparutūtae
58855,Tūrakarākau
44913,Tūranganui
57208,Tūranganui-a-Kiwa / Poverty Bay
54444,Tūranganui Knoll
44915,Tūranganui River
44914,Tūranganui River
44916,Tūranganui River East Branch
44917,Tūranganui River West Branch
59777,Tūranganui Valley
6469,Tūrangi
44922,Tūrere Stream
6472,Turihauā
44923,Turihauā Point
59399,Turihauā Reef
6473,Turihauā Stream
57659,Tūtae kāwetoweto
44988,Tūtaekurī River
2738,Tūtaepatu Lagoon
45003,Tūtaepāwhati Bay
45014,Tūtaewhakapiki
58392,Tūtakahikura
45017,Tūtaki
45018,Tūtaki River
45019,Tūtaki River East Branch
45020,Tūtaki River West Branch
59589,Tūtāmoe
14887,Tūtānekai Rock
45025,Tūtara
55225,Tūtātarakihi
6501,Tūteremoana
45032,Tūtoko River
45045,Tutukākā Head / South Gable
54630,Tūtūmāpou Hill
45131,Ūawa River
45151,Umuhāpuku Stream
45165,Umukōkako Stream
45166,Umukororā Bay
45168,Umukurī
45169,Umukurī Bay
45171,Umukurī Stream
57610,Ūpokororo
45229,Upper Ātiamuri
45242,Upper Kawhātau
45245,Upper Mangatāwhiri Dam
45246,Upper Mangatāwhiri Reservoir
45247,Upper Mātakitaki
45258,Upper Tākaka
55557,Urutī Basin
45306,Urutī Bay
6559,Urutī Point
55558,Urutī Ridge
45378,Victory Island / Moutītī
45424,Waengapū
45429,Waerengaokurī
45432,Waewaepā Range
45458,Wāhingamuku
55603,Wai ā-kake Stream
45490,Waiāraikau Stream
45585,Waihāhā
45586,Waihāhā River
45650,Waihī Beach
45652,Waihī Creek
45661,Waihī Point
45694,Waihīrere
45702,Waihīrere Stream
6643,Waihīrere Stream
45701,Waihīrere Stream
45703,Waihīrere Waterfall
45663,Waihī River
45681,Waihī Stream
45728,Waihōpai
45730,Waihōpai Dam
45731,Waihōpai River
6646,Waihōpai Saddle Stream
55002,Waikaiā Bush
58859,Waikākahi
45825,Waikākaho River
45827,Waikākaramea Bay
45830,Waikākāriki Stream
45821,Waikākā Stream
54726,Waikārapi Lagoon
45878,Waikaretāheke River
7492,Waikererū Bay
45983,Waikōau River
45985,Waikōau River North Branch
55704,Waikōhatu Stream
46019,Waikōpiro Stream
58828,Waikōtuku
58748,Waikōwhai
46076,Waikūkūpa River
46087,Waimā
46088,Waimā
59402,Waimā Cove
55003,Waimā Forest
6698,Waimangō Point
6699,Waimangō Stream
58842,Waimānu
46159,Waimārama
58469,Waimā River
46090,Waimā River
46092,Waimā Stream
46170,Waimatā
46181,Waimātaitai Stream
46177,Waimatā Stream
46173,Waimatā Stream
46093,Waimā Valley
7497,Wainīkau Bay
7498,Waiōhewa Beach
46469,Waiotū Stream
59780,Waipaekākā
46492,Waipahī River
57919,Waipāpapa
57212,Waipārā Stream
58865,Waipārera
46480,Waipā River
58684,Waipāteke
58375,Waipātiki
54515,Waipātiki Beach
6782,Waipātiki Beach
54513,Waipātiki Stream
46668,Waipōhatuhatu Stream
46666,Waipōhatu Stream
55460,Waipokapū Stream
58619,Waipōuri
55010,Waipū Gorge Forest
46764,Wairākai Stream
46767,Wairākau Bay
46809,Wairau Pā
51154,Wairaupō
46819,Wairaurāhiri River
6800,Wairēinga / Bridal Veil Falls
9906,Wairēinga Scenic Reserve
46897,Wairoa Pā
46985,Waitāhuna River
6812,Waitākere
6813,Waitākere Bay
47008,Waitākere Ranges
47009,Waitākere Reservoir
6815,Waitākere River
47010,Waitākere Stream
56640,Waitangitāhuna River
47091,Waitārere
55013,Waitārere Forest
47099,Waitātā Bay
47101,Waitātā Reach
47139,Waitematā Harbour
55709,Waitepipī Bay
7504,Waitetī Bay
47169,Waitewaewae Ōtaki Forks
47229,Waitōtara
55014,Waitōtara Forest
47230,Waitōtara River
47253,Waitūī Bay
6861,Waiwhetū
47342,Waiwhetū Stream
55218,Wakatehāua Island
6876,Wānaka
54932,Watchman Island / Te Kākāwhakaara
47765,Western Bay / Ōmapu
57502,West Ngātoro Knolls
47761,West Tāmaki Head
47811,Whaitiripapā
58856,Whaka-āhua
47855,Whakamārama
47914,Whakapoāi Point
47954,Whakatāne
47955,Whakatāne River
14228,Whakatāne Seamount
14227,Whakatāne Sea Valleys
47956,Whakatāne Stream
47959,Whakataratara / Māori Chief
47973,Whakatīwai
47974,Whakatīwai Stream
47978,Whakatū Stream
48004,Whakawhitirā
48062,Whāngaimoana
48063,Whāngaimoana Beach
48064,Whāngaimoana Stream
48066,Whāngaiotekapinga Stream
55216,Whangākea / Pandora
48085,Whangamatā
48088,Whangamatā Harbour
48094,Whangamōmona
55017,Whangamōmona Forest
48095,Whangamōmona River
48096,Whangamōmona Saddle
48115,Whangaparāoa
48114,Whangaparāoa
48116,Whangaparāoa Bay
7010,Whangaparāoa Bay
48117,Whangaparāoa Head
48118,Whangaparāoa Passage
48120,Whangaparāoa River
48124,Whangapē
14229,Whangapē Bank
48125,Whangapē Harbour
48143,Whangārei
48144,Whangārei Falls
48145,Whangārei Harbour
48146,Whangārei Heads
7292,Whangārei Port Branch
58135,Whāngioterangi / Echo Lake
54610,Whareātea Bay
48222,Wharekākā
48224,Wharekākaho Stream
55217,Wharekāpu / Paxton Point
58854,Wharekō
48248,Wharekōpae
48247,Wharekōpae
48249,Wharekōpae River
48256,Wharemāpou Stream
48289,Wharepūhunga
48288,Wharepūhunga
48296,Wharerātā
55018,Wharerātā Forest
48315,Wharetī Stream
48320,Wharetōtara Point
48335,Whārikirauponga
48336,Whārikirauponga Stream
57206,Whātaitai
55470,Whatapaka Pā
55736,Whātaumā Stream
54502,Whenua ā-kura
58809,Whetū
10239,Whirinaki Te Pua-a-Tāne Conservation Park
58376,Whitiaka-te-rā
56585,Wikitōria Bank
48940,Young Nicks Head / Te Kurī
